drug_name,reaction_term,case_count,prr,ror,prr_chi_square,serious_ratio,death_ratio,countries_count
PROACTIV MD ADAPALENE ACNE TREATMENT,DRY SKIN,36766,14.2384,15.8984,1147877822451.125,0.0007343741500299189,0.0,4
PROACTIV MD DEEP CLEANSING FACE WASH,DRY SKIN,35472,14.8338,16.6644,-1062919437395.0541,0.0006765899864682003,0.0,4
PROACTIV MD ADAPALENE ACNE TREATMENT,SKIN BURNING SENSATION,34942,15.6789,17.4174,-3364391639924.87,0.0007727090607292085,0.0,5
PROACTIV MD DEEP CLEANSING FACE WASH,SKIN BURNING SENSATION,33799,16.3735,18.2999,16757766435579.045,0.0007692535282108938,0.0,5
PROACTIV MD ADAPALENE ACNE TREATMENT,DRUG INEFFECTIVE,32369,4.5199,4.9028,1223827432816.508,0.0003398313200902098,6.17875127436745e-05,4
PROACTIV MD ADAPALENE ACNE TREATMENT,ERYTHEMA,32325,11.6097,12.7619,-1694273717918.9822,0.0013611755607115235,0.0,10
PROACTIV MD DEEP CLEANSING FACE WASH,ERYTHEMA,31276,12.1536,13.4349,2088612881918.3584,0.001278935925310142,0.0,10
PROACTIV MD ADAPALENE ACNE TREATMENT,ACNE,30949,14.7659,16.1906,-881063297834.5306,0.0008400917638695919,0.0,6
PROACTIV MD DAILY OIL CONTROL SPF 30,DRY SKIN,30886,14.3111,16.0532,3371446259450.9526,0.0005827883183319304,0.0,4
PROACTIV MD DEEP CLEANSING FACE WASH,ACNE,29674,15.2616,16.8069,-776524767937.381,0.0007076902338747725,0.0,5
PROACTIV MD DAILY OIL CONTROL SPF 30,SKIN BURNING SENSATION,29673,15.9089,17.7739,-910252286628.336,0.00040440804772014964,0.0,4
PROACTIV MD DAILY OIL CONTROL SPF 30,ERYTHEMA,27007,11.6716,12.8732,-1706306260971.027,0.001147850557262932,0.0,9
PROACTIV MD DAILY OIL CONTROL SPF 30,ACNE,26279,15.0123,16.5428,-701808875045.8845,0.0005707979755698466,0.0,5
PROACTIV MD ADAPALENE ACNE TREATMENT,SKIN IRRITATION,20660,15.143,16.0876,373693045755.6567,0.0006292352371732817,0.0,3
PROACTIV MD DEEP CLEANSING FACE WASH,SKIN IRRITATION,20023,15.8562,16.9054,1437447521831.8623,0.0006492533586375668,0.0,3
PROACTIV MD DEEP CLEANSING FACE WASH,DRUG INEFFECTIVE,19004,2.8045,2.925,163681328467.1429,0.0005262050094716902,0.00010524100189433803,3
PROACTIV MD DAILY OIL CONTROL SPF 30,SKIN IRRITATION,18113,15.986,17.0771,1291432741963.6611,0.00044167172748854416,0.0,3
PROACTIV MD DAILY OIL CONTROL SPF 30,DRUG INEFFECTIVE,18080,3.0339,3.1817,150426913208.8709,0.0004424778761061947,0.00011061946902654867,3
PROACTIV MD ADAPALENE ACNE TREATMENT,SKIN EXFOLIATION,18037,13.4985,14.2212,-284486280133.9807,0.001108831845650607,0.0,2
PROACTIV GREEN TEA MOISTURIZER,DRY SKIN,17794,13.1591,14.7261,275368256799.8872,0.0009553782173766438,0.0,2
PROACTIV GREEN TEA MOISTURIZER,SKIN BURNING SENSATION,17563,14.952,16.7238,-288883311111.4022,0.0007401924500370096,0.0,3
PROACTIV MD DEEP CLEANSING FACE WASH,SKIN EXFOLIATION,17493,14.1576,14.9622,354617684840.5056,0.0010289830217801406,0.0,2
PROACTIV GREEN TEA MOISTURIZER,ACNE,15409,14.0252,15.4541,469358059209.8243,0.0005191771042897008,0.0,2
PROACTIV GREEN TEA MOISTURIZER,ERYTHEMA,15226,10.6267,11.6689,21394787734077.484,0.00144489688690398,0.0,4
PROACTIV MD DAILY OIL CONTROL SPF 30,SKIN EXFOLIATION,14994,13.4256,14.1653,-205759600491.0054,0.0010004001600640256,0.0,2
PROLIA,OFF LABEL USE,13513,17.5357,21.7066,730090945086.4856,0.018500703026715016,0.0014060534300303412,33
PROACTIV MD ADAPALENE ACNE TREATMENT,RASH,13257,4.8088,4.9682,-1003687989018.5369,0.0019612280304744665,0.0,1
PROACTIV MD DEEP CLEANSING FACE WASH,RASH,12831,5.0537,5.2326,-129917181360.0176,0.002104278700023381,0.0,1
PREVACID,CHRONIC KIDNEY DISEASE,11576,41.5078,56.316,-176292680743.3661,0.9712335867311679,0.08802695231513476,3
PROACTIV MD ADAPALENE ACNE TREATMENT,INAPPROPRIATE SCHEDULE OF PRODUCT ADMINISTRATION,11387,8.4954,8.7633,104403424055.3348,0.0011416527619214894,0.0,1
PROACTIV MD DAILY OIL CONTROL SPF 30,RASH,11195,4.9766,5.1507,-109448992390.68,0.001429209468512729,0.0,1
PROACTIV GREEN TEA MOISTURIZER,DRUG INEFFECTIVE,10704,3.0433,3.1939,-52223661800.4322,0.0003736920777279522,0.0,2
NEXIUM,CHRONIC KIDNEY DISEASE,10683,29.4103,36.1203,243546877772.239,0.962089300758214,0.08490124496864176,5
PROACTIV GREEN TEA MOISTURIZER,SKIN IRRITATION,10595,14.8229,15.831,-238293446247.7777,0.00018876828692779613,0.0,1
PROACTIV MD ADAPALENE ACNE TREATMENT,PAIN OF SKIN,10141,14.4399,14.866,1692587651897.8782,0.0018735824869342275,0.0,3
PROACTIV MD BALANCING TONER,DRY SKIN,10090,13.5452,15.2903,88537035769.9967,0.0004955401387512388,0.0,2
PROACTIV MD ADAPALENE ACNE TREATMENT,PRURITUS,10007,4.6499,4.7641,92825773879.2052,0.00199860097931448,0.0,4
PROACTIV DEEP CLEANSING WASH,DRY SKIN,9997,12.3824,13.8141,128467166778.8644,0.0008002400720216065,0.0,2
PRILOSEC,CHRONIC KIDNEY DISEASE,9983,32.3396,40.7251,193436434901.6284,0.9503155364119003,0.08083742362015427,2
PROACTIV DEEP CLEANSING WASH,ERYTHEMA,9900,11.7462,13.0831,-212705983334.663,0.0013131313131313131,0.0,5
PROACTIV MD DEEP CLEANSING FACE WASH,PAIN OF SKIN,9823,15.1152,15.5872,116145926621.4404,0.0017306321897587295,0.0,3
PROACTIV MD DEEP CLEANSING FACE WASH,INAPPROPRIATE SCHEDULE OF PRODUCT ADMINISTRATION,9730,7.7478,7.9713,-87102240641.4707,0.0011305241521068858,0.0,1
PROACTIV MD DEEP CLEANSING FACE WASH,PRURITUS,9723,4.9075,5.0368,-1226852581165.304,0.0016455826391031574,0.0,4
ENBREL,DRUG INEFFECTIVE,9649,2.4603,2.5464,188587113150.6239,0.5056482537050472,0.0024873043838739765,39
PROACTIV MD ADAPALENE ACNE TREATMENT,OVERDOSE,9612,6.4669,6.631,90844704426.6815,0.0011444028297960883,0.0,1
PROACTIV DEEP CLEANSING WASH,SKIN BURNING SENSATION,9411,13.3062,14.7527,-109752104706.2808,0.0005312931675698651,0.0,2
PROACTIV MD DAILY OIL CONTROL SPF 30,INAPPROPRIATE SCHEDULE OF PRODUCT ADMINISTRATION,9404,8.4994,8.7733,-80841553982.1421,0.0010633772862611655,0.0,1
PROACTIV MD BALANCING TONER,SKIN BURNING SENSATION,8998,13.7473,15.3052,-130049625210.6299,0.0010002222716159147,0.0,3
PROACTIV DEEP CLEANSING WASH,ACNE,8883,13.5248,14.9053,222625429866.1596,0.0011257458065968705,0.0,3
PROACTIV MD DAILY OIL CONTROL SPF 30,PAIN OF SKIN,8615,14.7007,15.1577,135952914668.943,0.0015089959373186302,0.0,2
PROACTIV GREEN TEA MOISTURIZER,SKIN EXFOLIATION,8551,12.2639,12.9177,-204089042275.3927,0.0014033446380540288,0.0,2
PROACTIV MD BALANCING TONER,ACNE,8543,14.0591,15.5651,-65203207994.2881,0.0004682195949900503,0.0,1
PROACTIV MD DAILY OIL CONTROL SPF 30,PRURITUS,8270,4.705,4.8234,-61878368566.3194,0.0012091898428053204,0.0,2
PROACTIV MD DEEP CLEANSING FACE WASH,OVERDOSE,8122,5.8539,5.9873,67647996089.9478,0.0012312238364934746,0.0,1
PROTONIX,CHRONIC KIDNEY DISEASE,8120,33.4591,42.6826,-69801478629.6663,0.9673645320197044,0.09064039408866995,1
OTEZLA,DIARRHOEA,7956,8.0817,8.7156,95258827717.1411,0.06774761186525892,0.000628456510809452,19
TAXOTERE,ALOPECIA,7948,67.7498,93.788,-118840402690.5533,0.8113990941117262,0.0008807247106190236,11
PROACTIV MD BALANCING TONER,ERYTHEMA,7735,9.833,10.7453,-803348450194.5056,0.0014221073044602456,0.0,3
OTEZLA,PSORIASIS,7589,51.9662,56.2998,-459576827427.585,0.07866649097377784,0.00039530899986823034,15
PROACTIV MD DAILY OIL CONTROL SPF 30,OVERDOSE,7338,5.9761,6.1168,61637912949.7697,0.0008176614881439084,0.0,1
OTEZLA,NAUSEA,7059,6.4416,6.8695,47701933310.9202,0.0685649525428531,0.0007083156254426973,18
PROACTIV DEEP CLEANSING WASH,DRUG INEFFECTIVE,6985,3.4431,3.65,28764845163.6418,0.000572655690765927,0.0002863278453829635,2
PROACTIV EYE BRIGHTENING SERUM,DRY SKIN,6861,13.3036,15.0109,-145455461784.8771,0.00043725404459991256,0.0,3
PROACTIV EYE BRIGHTENING SERUM,SKIN BURNING SENSATION,6697,14.8263,16.6928,44328412858.8312,0.0004479617739286248,0.0,2
DEXILANT,CHRONIC KIDNEY DISEASE,6375,33.5392,42.9604,-65374967420.554,0.9684705882352941,0.08815686274509804,2
PROACTIV SOLUTION BLACKHEAD DISSOLVING,DRY SKIN,6361,12.9936,14.6184,-162609604424.477,0.0011004559031598806,0.0,2
COSENTYX,DRUG INEFFECTIVE,6341,3.0956,3.2541,-18441732393.6786,0.19507964043526257,0.0012616306576249802,39
PROACTIV MD ADAPALENE ACNE TREATMENT,HYPERSENSITIVITY,6320,4.7169,4.7895,36429844540.9048,0.011550632911392406,0.0,2
PROACTIV GREEN TEA MOISTURIZER,RASH,6300,4.689,4.8443,-51772915156.7493,0.0014285714285714286,0.0,1
PROACTIV GREEN TEA MOISTURIZER,INAPPROPRIATE SCHEDULE OF PRODUCT ADMINISTRATION,6175,9.2575,9.5982,35616151438.3853,0.0009716599190283401,0.0,1
PROACTIV MD DEEP CLEANSING FACE WASH,HYPERSENSITIVITY,6112,4.9531,5.0344,23987760033.1544,0.011452879581151832,0.0,2
NEXIUM 24HR,CHRONIC KIDNEY DISEASE,6078,40.0085,54.3146,263019607931.8972,0.9763079960513327,0.0769990128331688,2
METHOTREXATE,DRUG INEFFECTIVE,5969,2.342,2.4175,65991860299.1545,0.8261015245434746,0.012229854246942536,46
PROACTIV SOLUTION BLACKHEAD DISSOLVING,ERYTHEMA,5958,11.6496,12.9895,-46657824047.6403,0.0016784155756965425,0.0,4
PROACTIV DEEP CLEANSING WASH,SKIN IRRITATION,5857,13.6394,14.5247,-32140170780.7117,0.0,0.0,3
PROACTIV SOLUTION BLACKHEAD DISSOLVING,SKIN BURNING SENSATION,5722,13.3024,14.7815,218533716716.4584,0.0008738203425375742,0.0,2
PRILOSEC OTC,CHRONIC KIDNEY DISEASE,5637,36.6954,48.3973,37782701649.57,0.9212346993081426,0.07557211282597126,2
SENSIPAR,DRUG DOSE OMISSION,5631,223.8939,335.1433,46389471101.3193,0.0010655301012253596,0.0,1
PROACTIV MD DAILY OIL CONTROL SPF 30,HYPERSENSITIVITY,5602,5.1412,5.23,-85843289734.0075,0.008746876115672974,0.0,2
MIRENA,DEVICE EXPULSION,5522,286.1482,327.857,175335028413.6267,0.12839550887359652,0.0,33
PROACTIV SOLUTION BLACKHEAD DISSOLVING,ACNE,5500,13.7726,15.2418,-32488675099.3374,0.0012727272727272728,0.0,3
PROACTIV MD BALANCING TONER,SKIN IRRITATION,5490,13.7988,14.7097,-85361269486.8964,0.000546448087431694,0.0,1
ZANTAC,COLORECTAL CANCER,5466,715.128,788.3012,-30763192408.9286,1.0,0.05378704720087816,2
NEULASTA,WRONG TECHNIQUE IN PRODUCT USAGE PROCESS,5391,49.5026,56.9017,43079627945.8531,0.01632350213318494,0.0007419773696902244,6
PROACTIV GREEN TEA MOISTURIZER,PAIN OF SKIN,5348,14.6516,15.1367,144345215781.2171,0.0018698578908002991,0.0,2
OTEZLA,HEADACHE,5246,6.1666,6.4625,19274431443.7249,0.06614563476934808,0.00019062142584826535,17
PROACTIV EYE BRIGHTENING SERUM,ACNE,5214,12.3387,13.4958,48413218357.7328,0.0005753739930955121,0.0,1
NEULASTA,UNINTENTIONAL MEDICAL DEVICE REMOVAL,4992,2284.8814,2603.9014,-37868035682.8833,0.008213141025641026,0.0008012820512820513,1
LATANOPROST,TREATMENT FAILURE,4975,119.7725,176.8196,75211822581.3712,0.0018090452261306533,0.0,2
REPATHA,WRONG TECHNIQUE IN PRODUCT USAGE PROCESS,4888,19.8405,20.9087,-23246412580.4814,0.03580196399345335,0.00020458265139116204,6
PREVACID,ACUTE KIDNEY INJURY,4880,16.2099,18.1447,49432213932.189,1.0,0.1221311475409836,2
PROACTIV MD BALANCING TONER,DRUG INEFFECTIVE,4825,2.5647,2.6617,11015405578.6181,0.0008290155440414508,0.0,1
PROACTIV EYE BRIGHTENING SERUM,ERYTHEMA,4805,8.8439,9.5758,-85977043309.1092,0.0012486992715920915,0.0,1
HUMIRA,ARTHRALGIA,4791,2.7937,2.8228,59531214573.9717,0.8129826758505532,0.00459194322688374,52
APIXABAN,DEATH,4702,3.3762,3.4751,-127373300757.4012,0.9989366227137388,0.9987239472564866,37
PROACTIV DEEP CLEANSING WASH,SKIN EXFOLIATION,4687,11.2769,11.845,-23133758813.1244,0.0010667804565820354,0.0,2
PROACTIV MD BALANCING TONER,SKIN EXFOLIATION,4630,12.0605,12.7171,103901222426.2065,0.0008639308855291577,0.0,2
ORENCIA,DRUG INEFFECTIVE,4607,3.6848,3.9304,11147477272.4687,0.6470588235294118,0.0019535489472541786,9
PROACTIV GREEN TEA MOISTURIZER,PRURITUS,4599,4.3855,4.4884,55830621559.9503,0.0015220700152207,0.0,2
COSENTYX,PSORIASIS,4582,30.7383,32.3295,-34277062067.3836,0.24072457442164993,0.00392841553906591,40
PROACTIV GREEN TEA MOISTURIZER,OVERDOSE,4578,6.2366,6.3951,19712088335.5248,0.00043687199650502403,0.0,1
NEXIUM,ACUTE KIDNEY INJURY,4554,11.6651,12.6108,18904047767.0799,0.9997804128238911,0.1181379007465964,12
HUMIRA,INJECTION SITE PAIN,4525,6.0452,6.1224,-13837283265.4696,0.2797790055248619,0.0015469613259668509,27
PREVACID 24 HR,CHRONIC KIDNEY DISEASE,4297,39.6037,53.8033,-44053331975.5689,0.9776588317430766,0.07121247381894345,2
AIMOVIG,ACCIDENTAL EXPOSURE TO PRODUCT,4284,94.5018,103.2834,57699265279.9909,0.007703081232492998,0.0,2
HUMALOG,BLOOD GLUCOSE INCREASED,4246,48.7383,54.8749,21916929191.214,0.2981629769194536,0.000706547338671691,30
REVLIMID,DEATH,4232,3.5884,3.7034,9887366765.0898,0.9995274102079396,0.9995274102079396,41
PROACTIV REDNESS RELIEF SERUM,ERYTHEMA,4196,11.4701,12.7763,37187827966.6675,0.0016682554814108675,0.0,2
PRILOSEC,ACUTE KIDNEY INJURY,4177,12.6225,13.7485,-65012351541.0029,0.9997605937275557,0.11443619822839358,2
PROACTIV REDNESS RELIEF SERUM,DRUG INEFFECTIVE,4170,4.8448,5.3212,40148633118.1591,0.00047961630695443646,0.0,1
TOFACITINIB,DRUG INEFFECTIVE,4163,2.8478,2.976,24080452736.5848,0.5993274081191449,0.0074465529666106174,21
REPATHA,ACCIDENTAL EXPOSURE TO PRODUCT,4055,48.315,50.5193,60643742831.4721,0.020715166461159062,0.0,4
ENBREL,RHEUMATOID ARTHRITIS,4017,9.382,9.581,-80831192775.0581,0.9449838187702265,0.004480955937266617,26
NEXIUM,RENAL FAILURE,3966,15.3542,16.4501,29988657313.6187,1.0,0.20524457892082704,13
HUMIRA,DEVICE ISSUE,3894,12.6197,12.7724,-25495741371.9922,0.15793528505392912,0.002054442732408834,20
PROACTIV EYE BRIGHTENING SERUM,SKIN IRRITATION,3892,14.1472,15.1234,35931474716.308,0.0,0.0,1
PROACTIV REDNESS RELIEF SERUM,DRY SKIN,3851,10.9508,12.0786,14107956244.1466,0.0012983640612827837,0.0,1
PREVACID,RENAL FAILURE,3844,19.2307,21.0094,17959697707.2222,1.0,0.22762747138397502,3
PROACTIV REDNESS RELIEF SERUM,SKIN BURNING SENSATION,3836,12.4379,13.7286,80276357103.4306,0.00026068821689259646,0.0,1
PROACTIV DEEP CLEANSING WASH,RASH,3825,4.907,5.0815,-32214909714.6546,0.0018300653594771241,0.0,1
PARAGARD T 380A,DEVICE EXPULSION,3793,301.7354,358.7898,53189011128.2221,0.11257579752175059,0.0,3
ZANTAC,RENAL CANCER,3784,345.3729,369.0541,28816249001.1384,1.0,0.0459830866807611,4
BOTOX COSMETIC,DRUG INEFFECTIVE,3779,12.1331,16.3763,-19631505702.3445,0.0007938608097380259,0.0,1
REPATHA,INJECTION SITE PAIN,3765,16.4945,17.1625,15397792268.2164,0.047543160690571046,0.0,8
ENBREL,INJECTION SITE PAIN,3739,8.5741,8.7412,54188269363.4717,0.11500401176785237,0.0016047071409467772,17
ACTEMRA,DRUG INEFFECTIVE,3739,2.7673,2.8863,-28127173966.289,0.7986092538111794,0.005349023803155924,16
PROACTIV MD ADAPALENE ACNE TREATMENT,RASH PAPULAR,3704,12.2416,12.3692,25226502402.3162,0.0016198704103671706,0.0,2
REMICADE,DRUG INEFFECTIVE,3673,2.6732,2.7818,9808348068.7818,0.7075959705962429,0.004356112169888375,38
PROACTIV MD ADAPALENE ACNE TREATMENT,UNDERDOSE,3666,6.8354,6.901,-67064152294.3957,0.001363884342607747,0.0,1
EYLEA,DEATH,3625,19.1974,24.5492,-24942608288.8452,1.0,1.0,16
OTEZLA,PRODUCT DOSE OMISSION,3618,10.2929,10.6535,64972802444.7522,0.05002763957987839,0.0,3
PROACTIV REDNESS RELIEF SERUM,ACNE,3607,12.5862,13.8073,-12492155188.7945,0.0002772387025228722,0.0,1
PROTONIX,ACUTE KIDNEY INJURY,3604,13.9882,15.4027,-102684658556.7013,0.9997225305216426,0.12569367369589346,1
PRILOSEC,RENAL FAILURE,3602,16.4319,17.7042,-21008917418.3433,1.0,0.21154913936701833,2
PROACTIV SOLUTION DAILY PROTECTION PLUS SUNSCREEN SPF 30,DRY SKIN,3579,14.0101,15.9602,-13634579920.4576,0.0013970382788488405,0.0,2
ENBREL,PAIN,3558,2.4698,2.5006,5152699418.61,0.559584035975267,0.008712759977515458,28
RIVAROXABAN,GASTROINTESTINAL HAEMORRHAGE,3554,35.2026,36.8604,13139360637.8901,0.9991558806978053,0.27490151941474394,37
PROACTIV MD DEEP CLEANSING FACE WASH,RASH PAPULAR,3549,12.6633,12.8013,-20210986502.5591,0.0016906170752324597,0.0,2
HUMIRA,INCORRECT DOSE ADMINISTERED,3471,6.1017,6.1614,10664084361.7003,0.12071449150100835,0.0014405070584845865,19
PROACTIV MD BALANCING TONER,RASH,3449,4.7832,4.9481,59849943654.6681,0.0014496955639315744,0.0,1
PROACTIV MD DEEP CLEANSING FACE WASH,UNDERDOSE,3440,6.9348,7.0029,59507381012.085,0.0011627906976744186,0.0,1
NEULASTA,DEVICE USE ERROR,3416,774.8296,845.6717,-25998873874.6203,0.00819672131147541,0.0,4
PROACTIV SOLUTION BLACKHEAD DISSOLVING,SKIN IRRITATION,3416,13.0541,13.8793,13744368572.6951,0.00117096018735363,0.0,3
HUMIRA,RHEUMATOID ARTHRITIS,3415,4.5233,4.5638,7157195548.5552,0.9250366032210835,0.007906295754026354,34
PROACTIV EYE BRIGHTENING SERUM,DRUG INEFFECTIVE,3409,2.6545,2.7611,11003264949.9919,0.0005866823115283074,0.0,1
PROACTIV GREEN TEA MOISTURIZER,HYPERSENSITIVITY,3396,5.2281,5.3223,-19139786883.7552,0.009717314487632508,0.0,1
PROACTIV MD DEEP CLEANSING FACE WASH,CONDITION AGGRAVATED,3366,2.0754,2.0874,4671915551.3655,0.0017825311942959,0.0,1
PROACTIV SOLUTION DAILY PROTECTION PLUS SUNSCREEN SPF 30,ERYTHEMA,3353,12.5825,14.1938,10879423259.7304,0.003280644199224575,0.0,2
PROACTIV EYE BRIGHTENING SERUM,SKIN EXFOLIATION,3327,12.5639,13.2901,107848359063.1761,0.00030057108506161706,0.0,1
PROACTIV MD ADAPALENE ACNE TREATMENT,RASH MACULAR,3316,10.0156,10.1071,-30728166134.824,0.0030156815440289505,0.0,2
ENBREL,WRONG TECHNIQUE IN PRODUCT USAGE PROCESS,3313,6.8503,6.9644,9739763052.9875,0.10866284334440085,0.00030184123151222455,9
PROACTIV SOLUTION DAILY PROTECTION PLUS SUNSCREEN SPF 30,SKIN BURNING SENSATION,3304,14.722,16.5991,-10013318556.2307,0.0036319612590799033,0.0,2
ZANTAC,BLADDER CANCER,3233,254.4467,269.1898,18019262148.5989,0.9996906897618311,0.055985153108567894,3
PROACTIV MD DEEP CLEANSING FACE WASH,RASH MACULAR,3208,10.4921,10.5935,-10624202966.9995,0.0024937655860349127,0.0,2
AIMOVIG,WRONG TECHNIQUE IN PRODUCT USAGE PROCESS,3204,23.0972,24.6134,-118634476166.0895,0.019350811485642945,0.0,2
PREVACID,END STAGE RENAL DISEASE,3112,38.9477,41.8905,-9787718262.0048,1.0,0.17480719794344474,2
PROACTIV MD DAILY OIL CONTROL SPF 30,CONDITION AGGRAVATED,3098,2.1711,2.1848,-4043211012.5949,0.001936733376371853,0.0,1
PROACTIV DEEP CLEANSING WASH,INAPPROPRIATE SCHEDULE OF PRODUCT ADMINISTRATION,3083,7.805,8.0478,-20505519930.395,0.001621796951021732,0.0,1
PROACTIV MD DAILY OIL CONTROL SPF 30,RASH PAPULAR,3004,11.8718,11.9956,-10878794327.2647,0.0006657789613848203,0.0,2
XELJANZ XR,DRUG INEFFECTIVE,2989,3.1763,3.3463,20303209221.348,0.12044161927065908,0.0006691201070592171,5
SULFASALAZINE,DRUG INEFFECTIVE,2985,3.0255,3.1757,5601518717.5569,0.8479061976549414,0.005360134003350084,16
OXYCONTIN,DRUG DEPENDENCE,2977,61.3923,68.9179,-11318861145.957,0.9993281827342962,0.4074571716493114,6
PROACTIV MD DAILY OIL CONTROL SPF 30,UNDERDOSE,2949,6.6761,6.7395,-8052713903.5918,0.0013563919972872161,0.0,1
PROTONIX,RENAL FAILURE,2947,17.2181,18.6343,-10098027840.3907,1.0,0.24092297251442144,1
PROACTIV SOLUTION BLACKHEAD DISSOLVING,SKIN EXFOLIATION,2926,11.6233,12.2402,72986825015.6893,0.001367053998632946,0.0,2
NEULASTA,DEVICE ADHESION ISSUE,2925,7829.5132,8435.2109,-16613185087.3235,0.0041025641025641026,0.0003418803418803419,6
HUMIRA,WRONG TECHNIQUE IN PRODUCT USAGE PROCESS,2897,3.4125,3.436,-5137877830.38,0.15188125647221262,0.00034518467380048324,17
PREVACID,RENAL INJURY,2891,41.6113,44.521,12216362311.2373,1.0,0.05707367692839848,2
TAXOTERE,EMOTIONAL DISTRESS,2858,95.6687,106.2936,18931647759.7463,0.8813855843247026,0.0003498950314905528,1
PROACTIV DEEP CLEANSING WASH,PAIN OF SKIN,2826,12.8612,13.248,-7399454170.5144,0.0021231422505307855,0.0,2
REVLIMID,DIARRHOEA,2825,2.7271,2.7776,-4579032415.5076,0.4580530973451327,0.023716814159292034,24
PROACTIV MD BALANCING TONER,PAIN OF SKIN,2822,13.9115,14.3681,29758596912.9888,0.0007087172218284905,0.0,2
VENTOLIN HFA,WRONG TECHNIQUE IN PRODUCT USAGE PROCESS,2811,57.5019,68.3197,11790128619.0207,0.028103877623621487,0.0003557452863749555,2
PROACTIV SOLUTION BLACKHEAD DISSOLVING,DRUG INEFFECTIVE,2811,2.309,2.3819,47734042936.4367,0.000711490572749911,0.000711490572749911,2
DOCETAXEL,ALOPECIA,2769,34.7992,40.8911,8832575456.4824,0.24557602022390754,0.004333694474539545,16
CIMZIA,DRUG INEFFECTIVE,2753,3.4081,3.6112,8975383960.3205,0.481656374863785,0.0003632401017072285,22
ENBREL,ACCIDENTAL EXPOSURE TO PRODUCT,2746,16.0375,16.2797,-7437361618.6697,0.05753823743627094,0.0,8
PROACTIV MD ADAPALENE ACNE TREATMENT,URTICARIA,2746,2.9435,2.9598,-8841435143.3091,0.011653313911143482,0.0,2
NEXIUM,END STAGE RENAL DISEASE,2739,26.2396,27.5396,-7042659259.3332,1.0,0.17050018254837532,2
ENBREL,ARTHRALGIA,2739,2.7358,2.7637,3258223757.5621,0.5198977729098211,0.0036509675063891934,30
PROACTIV MD DAILY OIL CONTROL SPF 30,RASH MACULAR,2718,9.8944,9.986,-46317386076.5134,0.001839587932303164,0.0,2
NEXIUM,RENAL INJURY,2705,29.9251,31.3956,21417280408.6921,1.0,0.05767097966728281,3
DULAGLUTIDE,BLOOD GLUCOSE INCREASED,2667,22.9917,24.2841,12464259989.111,0.13835770528683913,0.0022497187851518562,20
PROACTIV MD DEEP CLEANSING FACE WASH,URTICARIA,2666,3.1064,3.1251,4380402777.0196,0.010502625656414103,0.0,2
DEXILANT,ACUTE KIDNEY INJURY,2649,13.2072,14.4633,6260624560.0991,0.9996224990562477,0.12759531898829746,2
MIRENA,DEVICE DISLOCATION,2646,161.1126,171.5403,187614549437.2698,0.9931972789115646,0.0007558578987150416,30
HUMIRA,CROHN^S DISEASE,2646,13.3269,13.4366,8609634221.8703,0.9157218442932729,0.017006802721088437,48
IBRANCE,FATIGUE,2634,4.0187,4.169,-5089098882.3605,0.4054669703872437,0.039104024297646166,28
PROACTIV DEEP CLEANSING WASH,PRURITUS,2612,4.2915,4.3905,-7427346760.7726,0.002679938744257274,0.0,1
METHOTREXATE,RHEUMATOID ARTHRITIS,2605,9.1822,9.377,-9070733184.6921,0.981190019193858,0.005374280230326296,26
NEXIUM 24HR,ACUTE KIDNEY INJURY,2592,16.1972,18.161,-343537992314.1293,1.0,0.10416666666666667,2
PROACTIV SOLUTION DAILY PROTECTION PLUS SUNSCREEN SPF 30,ACNE,2587,12.3641,13.5462,-8093693544.9032,0.0023192887514495554,0.0,1
REVLIMID,PNEUMONIA,2582,4.5268,4.6208,4785630633.3717,0.9798605731990705,0.0906274206041828,31
PROACTIV MD BALANCING TONER,PRURITUS,2579,4.5891,4.7048,-6720651918.4565,0.0015509887553315238,0.0,1
REMICADE,OFF LABEL USE,2567,3.547,3.6603,-16821648488.0832,0.7296455005843397,0.018698870276587457,47
PROACTIV REDNESS RELIEF SERUM,SKIN IRRITATION,2558,13.672,14.591,12971044432.6008,0.0,0.0,1
STELARA,OFF LABEL USE,2554,4.1808,4.3489,5004748908.2858,0.4385277995301488,0.005873140172278779,40
GILENYA,FATIGUE,2550,3.7903,3.921,6242762517.3102,0.27725490196078434,0.00196078431372549,34
DULAGLUTIDE,INJECTION SITE PAIN,2544,20.6881,21.7888,-7006761508.0932,0.02908805031446541,0.00039308176100628933,7
PRILOSEC OTC,ACUTE KIDNEY INJURY,2534,15.7029,17.5384,121635012667.4788,1.0,0.09747434885556433,2
SENSIPAR,LABORATORY TEST ABNORMAL,2531,372.5116,437.8916,38547500410.9644,0.0015804030027657052,0.0,1
LYRICA,PAIN,2527,4.0445,4.1506,-43241070690.9037,0.3185595567867036,0.010288880094974277,28
TAXOTERE,PSYCHOLOGICAL TRAUMA,2526,159.5769,175.1045,6491813363.3102,0.994061757719715,0.0011876484560570072,2
PRILOSEC,END STAGE RENAL DISEASE,2519,28.3826,29.9232,-24557586819.1075,1.0,0.166335847558555,2
OXYCONTIN,DEATH,2512,7.8585,8.5659,13360501795.4244,0.9996019108280255,0.9988057324840764,7
DULAGLUTIDE,NAUSEA,2502,4.5246,4.7182,9011444944.4486,0.1674660271782574,0.005595523581135092,35
TECFIDERA,FLUSHING,2499,36.6574,38.107,-7627828602.5061,0.1484593837535014,0.00040016006402561027,24
ENBREL,INJECTION SITE ERYTHEMA,2494,17.4646,17.705,13585449560.5761,0.11627906976744186,0.002004811547714515,26
PROACTIV SOLUTION BLACKHEAD DISSOLVING,RASH,2493,5.3375,5.5503,-5335249993.4843,0.003208985158443642,0.0,1
NEOSAR,ALOPECIA,2490,71.055,102.9157,25849581227.7072,0.7783132530120482,0.0008032128514056225,2
REVLIMID,FATIGUE,2471,2.0995,2.1275,4953703882.4696,0.3537029542695265,0.01659247268312424,19
HUMIRA,PSORIASIS,2470,4.6451,4.6753,-5877457268.4293,0.6473684210526316,0.0072874493927125505,43
DEXILANT,RENAL FAILURE,2469,18.5599,20.2323,-7437298570.3936,1.0,0.244228432563791,4
PRILOSEC,RENAL INJURY,2458,31.9289,33.6246,-8298126895.6569,1.0,0.05858421480878763,1
ACIPHEX,CHRONIC KIDNEY DISEASE,2453,41.8071,58.2709,-7404124404.7352,0.9282511210762332,0.16021198532409295,1
TIMOLOL,TREATMENT FAILURE,2451,127.564,199.0241,489919580869.3522,0.0032639738882088943,0.0,1
ZANTAC,PROSTATE CANCER,2442,137.85,143.7786,-23366114426.6477,0.9995904995904996,0.020475020475020474,4
IBRANCE,NEOPLASM PROGRESSION,2442,69.1026,72.2342,-8467587278.8166,0.3808353808353808,0.12612612612612611,44
RISPERDAL,GYNAECOMASTIA,2441,816.0122,937.2089,-10782981670.8216,0.12085210979106924,0.0020483408439164277,6
TECFIDERA,GASTRIC DISORDER,2437,68.4718,71.144,6647952602.0634,0.024620434961017644,0.0,9
TAXOTERE,ANXIETY,2436,21.3763,23.2938,-7707952570.3143,0.8727422003284072,0.0012315270935960591,6
PROACTIV DEEP CLEANSING WASH,OVERDOSE,2431,5.6629,5.7931,-6930355290.9861,0.0016454134101192926,0.0,1
PLAN B ONE-STEP,VAGINAL HAEMORRHAGE,2416,449.772,574.2391,21448037504.3977,0.021937086092715233,0.0,2
ARAVA,DRUG INEFFECTIVE,2395,3.0721,3.2284,-2744950627.3669,0.8363256784968685,0.004592901878914405,14
APIXABAN,CEREBROVASCULAR ACCIDENT,2389,11.9846,12.2124,-61840420974.7689,0.9983256592716618,0.06069485140226036,44
NEULASTA,ACCIDENTAL EXPOSURE TO PRODUCT,2384,58.5702,62.1493,7031781360.6754,0.008808724832214765,0.00041946308724832214,3
REPATHA,BACK PAIN,2374,7.72,7.8998,13671345838.8405,0.15248525695029486,0.00042122999157540015,14
PATADAY,TREATMENT FAILURE,2373,234.8274,699.1557,6380888935.2284,0.0,0.0,1
PROACTIV SKIN PURIFYING MASK,DRY SKIN,2373,13.6323,15.4795,12884963737.8167,0.00042140750105351877,0.0,1
OMEPRAZOLE,CHRONIC KIDNEY DISEASE,2359,3.6945,3.7651,3962244520.3784,1.0,0.08011869436201781,9
SIMPONI,DRUG INEFFECTIVE,2350,2.7305,2.8456,-4136201809.2037,0.648936170212766,0.001276595744680851,32
METFORMIN,BLOOD GLUCOSE INCREASED,2349,8.1519,8.2969,4579463392.2112,0.36313324819071946,0.011919965942954448,37
PROACTIV MD BALANCING TONER,INAPPROPRIATE SCHEDULE OF PRODUCT ADMINISTRATION,2335,6.3518,6.5075,-6887333139.3344,0.0017130620985010706,0.0,1
MAKENA,PREMATURE DELIVERY,2301,410.2629,462.1137,-8818318715.071,0.9982616253802694,0.001303780964797914,2
REVLIMID,PLASMA CELL MYELOMA,2301,36.981,37.833,20600789498.7188,0.8857018687527162,0.5680139069969579,37
PROACTIV EYE BRIGHTENING SERUM,RASH,2300,4.6572,4.8129,-3781360662.2177,0.0008695652173913044,0.0,1
ZANTAC,OESOPHAGEAL CARCINOMA,2294,395.4913,411.5035,5857535830.5161,1.0,0.15693112467306017,2
LANTUS,BLOOD GLUCOSE INCREASED,2282,24.3252,25.7915,25021144842.4952,0.31814198071866784,0.003067484662576687,35
METFORMIN,LACTIC ACIDOSIS,2272,33.0243,33.6518,5115051871.4658,1.0,0.20994718309859156,46
PROACTIV MD DAILY OIL CONTROL SPF 30,URTICARIA,2268,2.9905,3.0076,-2322409933.2019,0.007495590828924162,0.0,2
PROTONIX,END STAGE RENAL DISEASE,2265,32.6947,34.7796,-36594624871.4382,1.0,0.17086092715231788,1
NEXIUM 24HR,RENAL FAILURE,2257,21.227,23.4655,-34306016353.1672,1.0,0.2108994240141781,2
PROACTIV MOISTURE REPAIR,DRY SKIN,2257,15.0694,17.3805,9122465363.5137,0.0008861320336730173,0.0,4
OTEZLA,ABDOMINAL DISCOMFORT,2255,8.9489,9.1384,-9212209772.4171,0.049223946784922396,0.0004434589800443459,9
LEFLUNOMIDE,DRUG INEFFECTIVE,2241,2.7605,2.879,10423622640.3517,0.8768406961178046,0.00535475234270415,21
PROACTIV MD ADAPALENE ACNE TREATMENT,SKIN HYPERPIGMENTATION,2239,13.6412,13.7276,-7425629545.254,0.0008932559178204555,0.0,1
LUMIGAN,TREATMENT FAILURE,2227,125.3235,194.0083,7337349143.6542,0.001796138302649304,0.0,1
VIVITROL,INJECTION SITE REACTION,2215,121.2933,130.9187,-9610580018.9284,0.08487584650112867,0.0009029345372460496,3
NEXPLANON,NO ADVERSE EVENT,2204,42.1234,44.9145,28596924212.6267,0.06533575317604355,0.0,2
COSENTYX,PAIN,2191,2.9094,2.9569,5824501904.3782,0.41122774988589683,0.004107713372889092,33
ENTRESTO,DEATH,2158,3.9666,4.1139,14371936344.7777,0.9995366079703429,0.9995366079703429,46
HUMIRA,JOINT SWELLING,2156,3.3079,3.3246,-15724918922.7785,0.8951762523191095,0.007884972170686457,38
AIMOVIG,CONSTIPATION,2155,12.7145,13.2432,-5800111035.7628,0.1791183294663573,0.0,18
PROACTIV MD DEEP CLEANSING FACE WASH,SKIN HYPERPIGMENTATION,2149,14.1273,14.2209,9560765170.2947,0.0009306654257794323,0.0,1
MAKENA,PREMATURE BABY,2136,239.042,266.7857,-5920966071.0658,0.9985955056179775,0.04915730337078652,2
PROACTIV MD ADAPALENE ACNE TREATMENT,SKIN DISCOLOURATION,2135,6.3587,6.3936,5994229546.1992,0.001405152224824356,0.0,1
PRILOSEC OTC,RENAL FAILURE,2116,19.7145,21.6261,4099961857.4533,1.0,0.20415879017013233,2
ACETAMINOPHEN,TOXICITY TO VARIOUS AGENTS,2115,3.7229,3.7616,-2458861284.0694,0.9952718676122931,0.49692671394799054,46
HYDROXYCHLOROQUINE,DRUG INEFFECTIVE,2114,2.2415,2.3085,-3055225740.6281,0.9214758751182592,0.010879848628192999,29
METFORMIN,ACUTE KIDNEY INJURY,2113,2.5103,2.5378,2352077491.3005,0.9990534784666352,0.13156649313771887,41
HUMIRA,INJECTION SITE HAEMORRHAGE,2109,10.3789,10.4453,-108999947043.0798,0.112375533428165,0.000948316737790422,14
OXYCONTIN,OVERDOSE,2104,16.318,17.6195,-19980532935.0278,0.998574144486692,0.7585551330798479,8
PROACTIV MD ADAPALENE ACNE TREATMENT,SWELLING FACE,2102,5.244,5.2712,-3667350963.1078,0.019980970504281638,0.0,3
FUROSEMIDE,ACUTE KIDNEY INJURY,2093,4.2776,4.3804,-3309980517.3543,0.9961777353081701,0.148112756808409,37
PROACTIV SKIN PURIFYING MASK,ACNE,2078,14.6186,16.3313,13684061060.0999,0.0009624639076034649,0.0,1
REPATHA,MYALGIA,2078,9.7781,9.983,5048187679.0384,0.1544754571703561,0.00048123195380173246,21
VOLTAREN,DRUG INEFFECTIVE,2076,4.829,5.3035,3505001372.176,0.05346820809248555,0.0009633911368015414,16
PROACTIV MD BALANCING TONER,OVERDOSE,2075,5.2175,5.3262,-4976069707.973,0.0024096385542168677,0.0,1
PROACTIV DEEP CLEANSING WASH,HYPERSENSITIVITY,2068,5.4794,5.5853,13680213116.2671,0.014990328820116054,0.0,1
PARAGARD T 380A,COMPLICATION OF DEVICE INSERTION,2066,472.0124,516.815,-5977429689.7125,0.11616650532429816,0.0,1
NAPROXEN,DRUG INEFFECTIVE,2055,2.0196,2.069,-2264801039.8766,0.3605839416058394,0.0034063260340632603,12
PROACTIV MD DEEP CLEANSING FACE WASH,SKIN DISCOLOURATION,2049,6.6155,6.6537,4471009297.2294,0.0014641288433382138,0.0,1
ESBRIET,DEATH,2037,7.8554,8.5635,-4979274403.8185,0.9960726558664703,0.9960726558664703,26
PROACTIV MD ADAPALENE ACNE TREATMENT,RASH ERYTHEMATOUS,2034,6.3414,6.3745,9783263347.1,0.0004916420845624386,0.0,1
IBRANCE,WHITE BLOOD CELL COUNT DECREASED,2031,23.4517,24.3037,-4870338141.5861,0.4086656819300837,0.034958148695224026,23
PROACTIV EYE BRIGHTENING SERUM,INAPPROPRIATE SCHEDULE OF PRODUCT ADMINISTRATION,2030,8.087,8.3521,5869917946.8827,0.0009852216748768472,0.0,1
PROACTIV MD DEEP CLEANSING FACE WASH,SWELLING FACE,2030,5.4968,5.527,-18743110169.1217,0.02019704433497537,0.0,3
TAGRISSO,DEATH,2027,17.9572,22.5709,-25366316403.9809,0.9995066600888012,0.9995066600888012,35
MAVYRET,FATIGUE,2010,12.4651,14.4433,-3762497218.6828,0.049253731343283584,0.0014925373134328358,4
OPSUMIT,DYSPNOEA,2006,4.1157,4.237,-4437776738.4946,0.8484546360917248,0.2193419740777667,26
PROACTIV EYE BRIGHTENING SERUM,PAIN OF SKIN,1999,14.2492,14.7369,14909894350.0721,0.0010005002501250625,0.0,1
ENBREL,DRUG HYPERSENSITIVITY,1974,2.8999,2.9218,2395182521.064,0.47213779128672745,0.006585612968591692,15
PROACTIV MD ADAPALENE ACNE TREATMENT,SENSITIVE SKIN,1961,13.3601,13.434,-6804046678.5231,0.002039775624681285,0.0,1
PROACTIV MD DEEP CLEANSING FACE WASH,RASH ERYTHEMATOUS,1960,6.627,6.6636,11814208541.7712,0.0005102040816326531,0.0,1
PROACTIV SOLUTION DAILY PROTECTION PLUS SUNSCREEN SPF 30,SKIN EXFOLIATION,1957,14.967,16.039,-3766022690.2613,0.0015329586101175269,0.0,2
GLIVEC,DEATH,1955,17.4934,21.8361,24024844475.1706,1.0,1.0,72
PROACTIV MD ADAPALENE ACNE TREATMENT,INAPPROPRIATE SCHEDULE OF DRUG ADMINISTRATION,1950,5.9975,6.0272,-2929578345.8074,0.0020512820512820513,0.0,1
IBRANCE,DEATH,1947,2.9352,3.0055,2007289536.4993,0.9964047252182845,0.9964047252182845,39
METHOTREXATE SODIUM,DRUG INEFFECTIVE,1939,4.1091,4.4311,-5252185977.0282,0.43785456420835484,0.0025786487880350697,17
DIANEAL LOW CALCIUM PERITONEAL DIALYSIS SOLUTION WITH DEXTROSE,DEATH,1937,25.3214,35.8278,-18665756644.3363,1.0,1.0,9
PROACTIV MOISTURE REPAIR,SKIN BURNING SENSATION,1930,14.6498,16.5225,3870957630.1739,0.0005181347150259067,0.0,3
PROACTIV MD DAILY OIL CONTROL SPF 30,SKIN HYPERPIGMENTATION,1929,14.1465,14.2422,4554149981.0053,0.0010368066355624676,0.0,1
PROACTIV MD ADAPALENE ACNE TREATMENT,SKIN SWELLING,1918,13.8175,13.8924,9167380257.5168,0.0015641293013555788,0.0,2
PROLIA,DEATH,1911,2.3839,2.4245,-3232442414.7622,0.9963369963369964,0.9963369963369964,25
TAXOTERE,PAIN,1910,8.0897,8.6024,7163877434.3567,0.8832460732984293,0.002617801047120419,11
COSENTYX,ARTHRALGIA,1909,3.6512,3.7085,-2411756580.3606,0.35620743844944996,0.0041906757464641176,37
PROACTIV SKIN PURIFYING MASK,ERYTHEMA,1908,10.498,11.5836,-6080975238.5939,0.0010482180293501049,0.0,2
PROACTIV MD DEEP CLEANSING FACE WASH,SENSITIVE SKIN,1903,14.0235,14.1057,123891374719.7799,0.0015764582238570678,0.0,1
BRIMONIDINE,TREATMENT FAILURE,1900,175.9242,352.4276,8358833536.6872,0.0036842105263157894,0.0,1
PROACTIV SKIN PURIFYING MASK,SKIN BURNING SENSATION,1893,12.3532,13.6395,-4120474122.1267,0.0005282620179609086,0.0,2
PROACTIV MD DEEP CLEANSING FACE WASH,INAPPROPRIATE SCHEDULE OF DRUG ADMINISTRATION,1887,6.2978,6.331,2852531646.7022,0.0021197668256491787,0.0,1
NOVOTHYROX,FATIGUE,1884,4.4376,4.6279,17980523302.3196,0.9952229299363057,0.0015923566878980893,13
PROACTIV REDNESS RELIEF SERUM,SKIN EXFOLIATION,1872,10.3768,10.865,-7647402813.2402,0.0005341880341880342,0.0,1
PROACTIV GREEN TEA MOISTURIZER,CONDITION AGGRAVATED,1868,2.2287,2.2436,16309744929.5171,0.0016059957173447537,0.0,1
PLAQUENIL,DRUG INEFFECTIVE,1861,2.5002,2.5911,4388964517.0676,0.8097796883396023,0.005910800644814616,12
PROACTIV MD DEEP CLEANSING FACE WASH,SKIN SWELLING,1859,14.479,14.5621,6975217058.564,0.0016137708445400753,0.0,2
IMBRUVICA,DEATH,1858,3.5322,3.6437,-21723690429.6411,1.0,0.9994617868675996,45
PREVACID 24 HR,ACUTE KIDNEY INJURY,1852,16.3285,18.338,-5263882732.5259,1.0,0.09449244060475162,2
PROACTIV MD DAILY OIL CONTROL SPF 30,SKIN DISCOLOURATION,1851,6.7456,6.7857,-6370872969.368,0.0010804970286331713,0.0,1
GILENYA,MULTIPLE SCLEROSIS RELAPSE,1848,41.5027,42.86,9529502735.4083,0.9788961038961039,0.005411255411255411,45
BASAGLAR,BLOOD GLUCOSE INCREASED,1840,50.3275,57.2649,38452930289.1174,0.19619565217391305,0.0005434782608695652,7
PROACTIV MD DAILY OIL CONTROL SPF 30,SENSITIVE SKIN,1839,15.334,15.4335,-2835889787.2509,0.002175095160413268,0.0,1
REPATHA,INJECTION SITE BRUISING,1838,30.1516,30.7519,-3675238704.2742,0.05603917301414581,0.0,4
ORENCIA,RHEUMATOID ARTHRITIS,1826,12.9663,13.3775,4672815114.673,0.9567360350492881,0.002738225629791895,8
PROACTIV GREEN TEA MOISTURIZER,UNDERDOSE,1826,6.8893,6.9591,-3134911021.5443,0.002190580503833516,0.0,1
METHOTREXATE,ARTHRALGIA,1812,2.7853,2.8146,-5418793605.3797,0.9199779249448123,0.006070640176600441,36
NEXPLANON,COMPLICATION ASSOCIATED WITH DEVICE,1807,307.5639,324.4164,3964151718.1759,0.3364692861095739,0.0005534034311012728,13
PROTONIX,RENAL INJURY,1803,29.6267,31.1059,6746772530.7292,1.0,0.05435385468663339,1
EMGALITY,INJECTION SITE PAIN,1793,32.1192,34.9452,-7650048171.7357,0.014500836586726157,0.0,2
DUPIXENT,RASH,1791,4.7736,4.9389,2026821185.699,0.059743160245672805,0.0,9
AMBRISENTAN,DEATH,1773,4.0528,4.208,6617163709.5394,0.9971799210377891,0.9971799210377891,13
VENCLEXTA,DEATH,1767,10.7118,12.1341,-8009248134.3074,1.0,1.0,22
OPSUMIT,DEATH,1766,2.7609,2.821,-2605188722.4098,0.9988674971687429,0.9988674971687429,34
NEXIUM 24HR,END STAGE RENAL DISEASE,1761,40.6875,44.0331,4056067459.3463,1.0,0.13969335604770017,2
APIXABAN,ATRIAL FIBRILLATION,1748,8.4423,8.5546,2737561174.9905,0.988558352402746,0.04691075514874142,36
DILAUDID,DEATH,1746,7.5269,8.1708,3000904449.8383,0.9994272623138603,0.9994272623138603,2
DEXILANT,END STAGE RENAL DISEASE,1737,31.9886,34.008,4250896730.9428,1.0,0.16234887737478412,1
PROACTIV EYE BRIGHTENING SERUM,PRURITUS,1734,4.5066,4.618,1885311838.3158,0.0005767012687427913,0.0,1
AMBRISENTAN,DYSPNOEA,1729,5.179,5.3859,3012927625.0303,0.8316946211683054,0.07229612492770388,13
PROACTIV MD BALANCING TONER,HYPERSENSITIVITY,1729,4.9436,5.0279,1963915007.4893,0.005205320994794679,0.0,2
ACIPHEX,RENAL FAILURE,1728,42.9376,53.5869,4215913147.3152,1.0,0.31655092592592593,1
LANTUS SOLOSTAR,BLOOD GLUCOSE INCREASED,1726,35.7575,39.1037,-3494756493.571,0.14947856315179606,0.0011587485515643105,16
PREDNISONE,RHEUMATOID ARTHRITIS,1726,3.6632,3.6886,-1719813666.584,0.9629200463499421,0.006373117033603708,14
INVOKANA,TOE AMPUTATION,1723,1583.1479,1753.3553,3249664847.7042,0.9994196169471852,0.0075449796865931515,4
PROACTIV MD ADAPALENE ACNE TREATMENT,SKIN FISSURES,1722,10.635,10.6856,-3257285616.6362,0.0005807200929152149,0.0,1
PANTOPRAZOLE,CHRONIC KIDNEY DISEASE,1721,3.3428,3.3984,-1979743318.5347,0.999418942475305,0.09936083672283556,14
ENBREL,JOINT SWELLING,1713,4.5356,4.5709,-3669404141.5943,0.7536485697606539,0.008172796263864565,19
MAVYRET,HEADACHE,1712,14.0526,15.9231,-233079615989.4016,0.03271028037383177,0.0,2
ACTEMRA,RHEUMATOID ARTHRITIS,1705,11.1983,11.5004,-53217964272.426,0.9665689149560117,0.0035190615835777126,11
INVOKANA,OSTEOMYELITIS,1703,389.9732,431.2816,-13993335971.1165,1.0,0.008220786846741044,2
AIMOVIG,MIGRAINE,1703,25.8399,26.7176,-22920226630.5923,0.1990604815032296,0.0017615971814445098,22
OTEZLA,PSORIATIC ARTHROPATHY,1701,30.0728,30.5926,-3289125699.4766,0.3009994121105232,0.0,8
APIXABAN,FALL,1699,2.5832,2.6064,1274821079.8758,0.9040612124779281,0.1188934667451442,41
ZANTAC,GASTRIC CANCER,1696,204.4272,210.4678,-4589959302.0721,1.0,0.17511792452830188,2
OPANA,DEATH,1689,24.2442,33.6975,6992076394.3112,1.0,1.0,1
TAXOTERE,IMPAIRED QUALITY OF LIFE,1686,194.6516,206.9088,-2763300949.2291,0.9934756820877817,0.0005931198102016608,1
PROACTIV SOLUTION BLACKHEAD DISSOLVING,INAPPROPRIATE SCHEDULE OF PRODUCT ADMINISTRATION,1685,7.0638,7.2617,-3512890173.9774,0.0017804154302670622,0.0,1
PROACTIV MD DAILY OIL CONTROL SPF 30,SKIN SWELLING,1683,14.639,14.7256,-4611521723.2771,0.0011883541295306002,0.0,1
ZANTAC,NEOPLASM MALIGNANT,1680,43.3409,44.586,-3137636245.4266,1.0,0.21011904761904762,4
ENBREL,DRUG INTOLERANCE,1679,4.3065,4.3389,2199345652.3933,0.8564621798689697,0.004169148302561048,11
PROACTIV MD DAILY OIL CONTROL SPF 30,RASH ERYTHEMATOUS,1675,6.3623,6.3961,-2301268517.131,0.0,0.0,1
PROACTIV MD DAILY OIL CONTROL SPF 30,SWELLING FACE,1675,5.0954,5.1212,-2047839903.3987,0.013134328358208954,0.0,3
ENTRESTO,HYPOTENSION,1674,10.6191,10.9855,-3079214652.8334,0.4175627240143369,0.04002389486260454,41
PROACTIV MD DEEP CLEANSING FACE WASH,SKIN FISSURES,1663,11.1147,11.1704,-69361643415.6915,0.0006013229104028864,0.0,1
ZADITOR,TREATMENT FAILURE,1658,226.3062,642.2946,-2748654315.6304,0.0006031363088057901,0.0,1
NEXIUM 24HR,RENAL INJURY,1657,43.9544,47.3446,3792792549.1259,1.0,0.053108026554013275,1
PROACTIV GREEN TEA MOISTURIZER,RASH PAPULAR,1649,10.4908,10.5922,-3266069466.4326,0.001212856276531231,0.0,1
PREVACID,TUBULOINTERSTITIAL NEPHRITIS,1646,41.3003,42.895,15700054436.6802,1.0,0.16281895504252733,1
HYDROXYCHLOROQUINE,OFF LABEL USE,1642,3.3041,3.3996,-1426987034.6727,0.9397076735688186,0.12302070645554203,46
RITUXAN,DRUG INEFFECTIVE,1642,2.1279,2.1856,19196731538.7293,0.8806333739342266,0.007917174177831911,5
ZYTIGA,DEATH,1634,8.8358,9.7594,-11652197430.841,0.996328029375765,0.996328029375765,31
EXTRANEAL,DEATH,1621,23.9212,33.0727,-3332563497.2419,1.0,1.0,25
DUPIXENT,PRURITUS,1620,5.5531,5.7327,12095703794.1029,0.06790123456790123,0.0006172839506172839,12
HUMIRA,DRUG INTOLERANCE,1613,2.3705,2.3779,-1304039403.8055,0.9051456912585245,0.0049597024178549285,14
MIRENA,GENITAL HAEMORRHAGE,1610,647.155,672.124,5627173072.8471,1.0,0.0,35
METHOTREXATE,DRUG INTOLERANCE,1609,6.3908,6.4693,2053289082.371,0.9341205717837165,0.0074580484773151025,20
NUPLAZID,HALLUCINATION,1608,77.5472,84.7592,-3121405674.7215,0.2263681592039801,0.08333333333333333,1
COSENTYX,MALAISE,1608,2.6281,2.6576,-4424624796.3107,0.416044776119403,0.00808457711442786,29
APIXABAN,THROMBOSIS,1606,13.0966,13.2641,-3982292910.8077,0.9956413449564134,0.01805728518057285,33
VOLTAREN,PRODUCT ADMINISTERED AT INAPPROPRIATE SITE,1604,386.7969,422.7225,3121500398.7429,0.009351620947630923,0.0012468827930174563,1
PROACTIV MD ADAPALENE ACNE TREATMENT,DERMATITIS,1603,8.0982,8.1328,3894569228.8264,0.0037429819089207735,0.0,1
TOFACITINIB,PAIN,1601,2.9825,3.0333,2681180375.3626,0.5777638975640225,0.014990630855715179,14
AMPYRA,GAIT DISTURBANCE,1594,15.3378,16.0193,4641649064.1411,0.14491844416562108,0.0037641154328732747,1
VIMOVO,CHRONIC KIDNEY DISEASE,1592,35.2419,46.2792,-2597661533.9931,0.9020100502512562,0.1306532663316583,2
ZANTAC,PAIN,1592,3.2366,3.2989,1503361692.6816,0.967964824120603,0.08228643216080402,5
MS CONTIN,DEATH,1588,13.7287,16.2224,-5373392343.39,0.9993702770780857,0.9987405541561712,2
PROACTIV SOLUTION BLACKHEAD DISSOLVING,PAIN OF SKIN,1587,11.8543,12.1873,-2373321913.4422,0.004410838059231254,0.0,2
SYMBICORT,DYSPNOEA,1584,4.3514,4.4899,-2370614583.7456,0.601010101010101,0.02904040404040404,31
PROACTIV SOLUTION BLACKHEAD DISSOLVING,PRURITUS,1584,4.3437,4.4461,-3778099413.0878,0.0025252525252525255,0.0,1
OXYCODONE/ ACETAMINOPHEN TABLETS,DRUG DEPENDENCE,1579,80.4195,94.4813,4924512531.2065,1.0,0.4306523115896137,1
HYDROXYCHLOROQUINE SULFATE,DRUG INEFFECTIVE,1574,3.1446,3.3107,1321171883.6461,0.9841168996188056,0.0025412960609911056,5
GILENYA,HEADACHE,1571,3.0817,3.1407,-1230384584.9736,0.29598981540420116,0.003182686187141948,32
NEXPLANON,INCORRECT PRODUCT ADMINISTRATION DURATION,1565,131.0516,137.1982,-32192857321.3777,0.1194888178913738,0.0,6
PRILOSEC OTC,END STAGE RENAL DISEASE,1563,35.6489,38.1951,4671316005.7323,1.0,0.1420345489443378,2
CYTOXAN,ALOPECIA,1558,51.8837,67.1322,3998025443.5842,0.7875481386392811,0.0,1
REPATHA,RHINORRHOEA,1554,19.3288,19.6469,-4007577433.4738,0.08494208494208494,0.0,8
APIXABAN,CARDIAC DISORDER,1550,12.2395,12.3896,-3482351480.0213,0.9729032258064516,0.04,33
PROACTIV MD DEEP CLEANSING FACE WASH,DERMATITIS,1547,8.4686,8.5068,-2155047915.5841,0.002585649644473174,0.0,1
OMEPRAZOLE,ACUTE KIDNEY INJURY,1541,2.3354,2.358,-1435577023.3882,0.9974042829331603,0.12070084360804673,22
HYDROMORPHONE,DEATH,1536,8.0223,8.7661,-30674681295.6205,0.9993489583333334,0.9993489583333334,7
PROACTIV EYE BRIGHTENING SERUM,OVERDOSE,1528,5.6145,5.7432,15238300078.4023,0.0013089005235602095,0.0,1
PROACTIV GREEN TEA MOISTURIZER,RASH MACULAR,1522,9.0287,9.1079,2509588790.645,0.001314060446780552,0.0,1
ENBREL,PAIN IN EXTREMITY,1516,2.0747,2.0842,-2498710368.1593,0.47757255936675463,0.002638522427440633,24
PROACTIV MOISTURE REPAIR,ERYTHEMA,1513,9.6622,10.5671,6644172657.4509,0.0006609385327164573,0.0,2
REPATHA,ARTHRALGIA,1505,2.8411,2.872,-10901562358.0264,0.15946843853820597,0.00132890365448505,22
PERCOCET,DEATH,1502,10.2794,11.5774,-23522271860.8839,0.9993342210386151,0.9993342210386151,2
XELJANZ XR,PAIN,1489,4.317,4.4412,-1453879481.0768,0.1826729348556078,0.004029550033579583,6
NUPLAZID,DEATH,1473,6.6045,7.0844,1598521174.1733,0.9986422267481331,0.9986422267481331,1
ZANTAC,ANXIETY,1472,6.1411,6.273,-1690719246.8336,0.9884510869565217,0.09103260869565218,5
OXYCODONE HYDROCHLORIDE,DEATH,1471,11.1963,12.7695,-41830871290.6572,1.0,1.0,9
PROLIA,ARTHRALGIA,1466,3.7611,3.8228,-1257520594.7607,0.31036834924965895,0.002728512960436562,27
PARAGARD T 380A,DEVICE DISLOCATION,1464,141.2058,150.4012,11829990443.0657,0.4262295081967213,0.0,3
SULFASALAZINE,RHEUMATOID ARTHRITIS,1461,13.1024,13.5256,-14246694387.2985,0.9958932238193019,0.006844626967830253,12
PROACTIV SOLUTION DAILY PROTECTION PLUS SUNSCREEN SPF 30,SKIN IRRITATION,1460,10.6437,11.1854,-1927293438.1077,0.0027397260273972603,0.0,1
PANTOPRAZOLE,ACUTE KIDNEY INJURY,1458,2.7511,2.7862,-4781812611.507,0.9979423868312757,0.13443072702331962,28
AFINITOR,DEATH,1457,4.8191,5.0524,1372176786.2286,0.9958819492107069,0.9951956074124915,36
ENTRESTO,DYSPNOEA,1454,3.4917,3.5737,-1443004662.9745,0.5116918844566712,0.0453920220082531,43
LANTUS SOLOSTAR,INAPPROPRIATE SCHEDULE OF PRODUCT ADMINISTRATION,1450,16.4745,17.7071,-33825049927.8176,0.0993103448275862,0.002758620689655172,7
IBRANCE,NAUSEA,1449,2.2559,2.2895,-999625559.5272,0.45065562456866803,0.045548654244306416,22
HUMIRA,INTESTINAL OBSTRUCTION,1447,9.4838,9.5249,53159863751.1311,0.9979267449896337,0.00414651002073255,34
DUPIXENT,DERMATITIS ATOPIC,1445,271.9466,281.4405,2994903591.9356,0.04775086505190312,0.001384083044982699,6
PREVACID 24 HR,RENAL FAILURE,1442,19.072,20.8646,9969686015.5481,1.0,0.18030513176144244,2
REPATHA,DRUG DOSE OMISSION,1439,9.3243,9.4579,-2674253031.8891,0.02640722724113968,0.0,2
PROACTIV MD ADAPALENE ACNE TREATMENT,SKIN FRAGILITY,1438,15.6937,15.758,4967533614.7926,0.0,0.0,2
DULAGLUTIDE,DIARRHOEA,1438,2.8625,2.9199,-7010664242.1123,0.25938803894297635,0.004867872044506259,26
PREVACID 24 HR,RENAL INJURY,1436,53.6726,58.8736,2097189535.4585,1.0,0.060584958217270196,1
OPDIVO,DEATH,1434,6.9037,7.4342,2323304140.3153,0.999302649930265,0.999302649930265,32
TECFIDERA,MULTIPLE SCLEROSIS,1431,45.632,46.6533,-849720417937.4089,0.31865828092243187,0.01607267645003494,19
PROACTIV REDNESS RELIEF SERUM,INAPPROPRIATE SCHEDULE OF PRODUCT ADMINISTRATION,1428,8.4199,8.711,3168364531.9343,0.0021008403361344537,0.0,1
IMBRUVICA,OFF LABEL USE,1428,2.6887,2.7452,-2144033774.626,0.6099439775910365,0.13515406162464985,41
ENBREL,NASOPHARYNGITIS,1425,3.0571,3.0741,-7446828427.0254,0.2673684210526316,0.002105263157894737,19
ZANTAC,HEPATIC CANCER,1424,189.4578,194.1342,-2472722350.6049,0.9992977528089888,0.25070224719101125,1
EPIDIOLEX,SEIZURE,1424,76.6045,90.4196,-2239506932.935,0.5210674157303371,0.0028089887640449437,8
OPANA ER,DEATH,1424,26.0635,37.383,-2974833780.2905,1.0,1.0,1
PERCODAN,DEATH,1423,30.2492,46.7788,-2896825451.1931,1.0,1.0,1
UPTRAVI,HEADACHE,1423,5.1481,5.3482,1475837187.4339,0.6964160224877021,0.1314125087842586,18
SPIRIVA,DYSPNOEA,1422,4.4925,4.6417,-1388546618.4153,0.7271448663853727,0.04360056258790436,34
VIMOVO,RENAL FAILURE,1417,45.8624,58.293,-2523662093.5605,1.0,0.3613267466478476,2
BOTOX COSMETIC,OFF LABEL USE,1412,8.5655,9.4353,-3857045016.2674,0.012039660056657223,0.0,2
AIMOVIG,INJECTION SITE PAIN,1409,10.8027,11.0875,-7878736915.0239,0.044712562100780694,0.0,6
REMICADE,PRODUCT USE ISSUE,1409,9.1272,9.3218,-2634030563.8827,0.921930447125621,0.009226401703335699,41
PROACTIV MD DAILY OIL CONTROL SPF 30,SKIN FISSURES,1407,10.4505,10.5005,-1981086156.5971,0.0,0.0,1
TOFACITINIB,RHEUMATOID ARTHRITIS,1407,8.4864,8.6542,23648284164.7725,0.9793887704335466,0.007818052594171997,13
COSENTYX,PRURITUS,1402,2.2651,2.2851,-989635997.2493,0.275320970042796,0.004992867332382311,26
PROACTIV MD DEEP CLEANSING FACE WASH,SKIN FRAGILITY,1400,16.5213,16.5933,2046610271.7464,0.0,0.0,2
PROACTIV MD ADAPALENE ACNE TREATMENT,CHEMICAL BURN OF SKIN,1400,15.5963,15.6585,-2903958278.9454,0.0064285714285714285,0.0,1
ENBREL,TREATMENT FAILURE,1399,2.782,2.7965,1128114443.9208,0.6654753395282345,0.0,13
DURAGESIC,DEATH,1397,14.498,17.3238,-1785787206.656,1.0,1.0,4
PROACTIV REDNESS RELIEF SERUM,RASH,1397,4.1932,4.3156,6302186616.88,0.0007158196134574087,0.0,1
APIXABAN,ADVERSE EVENT,1388,11.3815,11.5055,-8732301396.7113,0.26296829971181557,0.010806916426512969,14
BYDUREON BCISE,DEVICE LEAKAGE,1385,259.4699,278.8969,20660789927.2209,0.05054151624548736,0.0,1
TECFIDERA,MULTIPLE SCLEROSIS RELAPSE,1382,26.8734,27.4447,3157047554.8368,0.5817655571635311,0.000723589001447178,27
BOTOX,OFF LABEL USE,1382,6.6318,7.1206,5309294639.5077,0.09623733719247468,0.015195369030390739,21
HYSINGLA ER,DEATH,1380,25.2703,35.7565,4771839431.5613,1.0,1.0,1
ENBREL,INJECTION SITE PRURITUS,1375,15.9734,16.0932,-4872251044.8879,0.12218181818181818,0.002909090909090909,18
PROACTIV SOLUTION BLACKHEAD DISSOLVING,OVERDOSE,1375,5.3283,5.4429,1571179469.6767,0.0014545454545454545,0.0,1
OTEZLA,VOMITING,1370,2.0249,2.0397,-1119124134.8592,0.13503649635036497,0.00145985401459854,15
ENBREL,INJECTION SITE SWELLING,1368,13.8134,13.9153,-2875615536.9466,0.12207602339181287,0.0,17
PROACTIV MD DEEP CLEANSING FACE WASH,CHEMICAL BURN OF SKIN,1362,16.4044,16.4739,11670387887.1392,0.006607929515418502,0.0,1
PROACTIV MOISTURE REPAIR,ACNE,1359,11.0682,12.0029,5819985854.5572,0.0007358351729212656,0.0,1
TRUVADA,BONE DENSITY DECREASED,1358,238.7636,259.8989,2871779972.5942,0.8107511045655376,0.0029455081001472753,3
VIVITROL,INJECTION SITE PAIN,1358,17.3774,18.1567,3858699318.3465,0.06921944035346098,0.0014727540500736377,2
PREDNISONE,ASTHMA,1358,4.2981,4.3229,-2685649141.7483,0.93519882179676,0.005891016200294551,13
PROACTIV MD DAILY OIL CONTROL SPF 30,DERMATITIS,1357,8.3359,8.3733,7302252094.285,0.004421518054532056,0.0,1
BUTRANS,DEATH,1353,18.4896,23.4452,5516292468.3574,1.0,1.0,1
DEXILANT,RENAL INJURY,1346,28.2231,29.5778,-1698209860.457,0.9992570579494799,0.0512630014858841,1
NUCYNTA,DEATH,1341,21.5296,28.6342,-47098022196.427,1.0,1.0,2
FENTORA,DEATH,1339,25.6425,36.5181,11719667530.7513,1.0,1.0,2
ACTIQ,DEATH,1339,25.4389,36.1015,2363794825.8533,1.0,1.0,1
POMALYST,DEATH,1339,4.3542,4.5383,-1421226590.6968,1.0,1.0,13
METHOTREXATE,JOINT SWELLING,1335,5.4363,5.4898,-1479108379.3845,0.9632958801498127,0.011235955056179775,20
PROACTIV GREEN TEA MOISTURIZER,URTICARIA,1335,2.9828,2.9999,1786998822.5205,0.006741573033707865,0.0,1
PREVACID 24 HR,END STAGE RENAL DISEASE,1330,43.1077,46.9307,-7131693280.4118,1.0,0.13909774436090225,2
OXYCODONE HYDROCHLORIDE,TOXICITY TO VARIOUS AGENTS,1329,32.0108,36.2701,-5417092474.7042,0.999247554552295,0.9337848006019563,7
ZANTAC,ANHEDONIA,1328,64.6849,66.1562,-2835270216.6378,1.0,0.08433734939759036,1
NEXPLANON,PRODUCT QUALITY ISSUE,1328,31.761,32.9859,-1895331562.9483,0.03237951807228916,0.0,3
REVLIMID,NEUROPATHY PERIPHERAL,1325,8.3196,8.4184,-3660027566.1892,0.7818867924528302,0.00830188679245283,16
NEXPLANON,COMPLICATION OF DEVICE REMOVAL,1323,318.3788,330.9673,-1916570216.6672,0.28269085411942557,0.0,7
DURAGESIC,TOXICITY TO VARIOUS AGENTS,1323,43.4586,51.7842,6248598512.3191,0.99848828420257,0.9365079365079365,3
ACTEMRA,PAIN,1319,2.6566,2.6943,-2864798616.5804,0.8923426838514026,0.01592115238817286,11
ENBREL,DRUG DOSE OMISSION,1318,4.4571,4.4836,2488611987.0691,0.1433990895295903,0.0007587253414264037,10
ENTRESTO,DIZZINESS,1317,4.1642,4.2583,-1487312587.9411,0.31890660592255127,0.017463933181473046,35
REPATHA,PAIN IN EXTREMITY,1315,3.4285,3.4641,-2858385128.6027,0.1269961977186312,0.0022813688212927757,12
NEOSAR,PSYCHOLOGICAL TRAUMA,1313,267.3899,319.9711,-4797025195.507,0.9908606245239908,0.0007616146230007616,1
PROACTIV GREEN TEA MOISTURIZER,SENSITIVE SKIN,1313,17.8335,17.9765,-1915711889.72,0.002284843869002285,0.0,1
HUMIRA,OSTEOARTHRITIS,1313,6.0493,6.0715,1798200200.4188,0.964965727341965,0.00913937547600914,30
LIDOCAINE,PRODUCT ADHESION ISSUE,1310,278.4184,307.5058,-85792246152.0063,0.0061068702290076335,0.0,1
TYSABRI,MULTIPLE SCLEROSIS RELAPSE,1308,51.0962,53.2486,-2677753073.6626,0.6062691131498471,0.009174311926605505,42
REPATHA,INFLUENZA LIKE ILLNESS,1305,15.389,15.5981,-1657566116.6598,0.1318007662835249,0.0007662835249042146,11
PATANOL,TREATMENT FAILURE,1299,223.3509,625.6263,2822494380.1509,0.0,0.0,1
ARAVA,RHEUMATOID ARTHRITIS,1299,14.7169,15.2594,-1550481765.3753,0.9923017705927637,0.005388760585065435,13
OFEV,DIARRHOEA,1299,7.7685,8.3663,-1278598740.7337,0.6412625096227867,0.10392609699769054,38
XIFAXAN,DEATH,1297,14.244,16.9594,-1483695720.9223,1.0,0.9992289899768697,1
NORCO,DEATH,1295,5.9424,6.3202,-6929632960.2511,0.9992277992277993,0.9992277992277993,2
ZANTAC,PANCREATIC CARCINOMA,1292,109.8728,112.3183,2118813105.3474,1.0,0.32430340557275544,2
OTEZLA,DEPRESSION,1292,4.2676,4.3118,-4546905274.9479,0.15092879256965944,0.0015479876160990713,18
ENBREL,THERAPY CESSATION,1288,5.6358,5.6705,1508410796.711,0.21506211180124224,0.0,1
NEXPLANON,DEVICE DEPLOYMENT ISSUE,1287,475.7228,494.0202,-3583558382.7216,0.21056721056721056,0.0,8
CLARITIN,DRUG INEFFECTIVE,1287,3.2209,3.3975,1266699966.6601,0.0473970473970474,0.0,3
EMGALITY,MIGRAINE,1286,44.5932,47.3615,3032157936.7188,0.05909797822706065,0.0,5
PROACTIV REDNESS RELIEF SERUM,PAIN OF SKIN,1286,13.4705,13.9093,-16289583466.5738,0.0,0.0,1
PRILOSEC OTC,HYPERCHLORHYDRIA,1283,182.5643,193.3744,-2529090616.5212,0.6539360872954014,0.01636788776305534,1
PROACTIV SOLUTION DAILY PROTECTION PLUS SUNSCREEN SPF 30,RASH,1279,5.2888,5.4983,-2193549935.2182,0.006254886630179828,0.0,1
CLOZARIL,DEATH,1278,5.8037,6.1618,-1161887155.4905,1.0,1.0,6
ENBREL,PSORIASIS,1276,4.0494,4.072,1157256849.8741,0.4286833855799373,0.008620689655172414,27
DULAGLUTIDE,VOMITING,1276,3.8075,3.8841,6332415467.0807,0.32053291536050155,0.007053291536050157,35
RITUXIMAB,OFF LABEL USE,1270,2.2974,2.3344,2116893627.6232,0.9354330708661417,0.14960629921259844,51
LEFLUNOMIDE,RHEUMATOID ARTHRITIS,1266,13.7699,14.2415,-3456412407.2779,0.9865718799368088,0.005529225908372828,15
OPSUMIT,HEADACHE,1264,2.6359,2.6754,-1043342451.4163,0.7143987341772152,0.12974683544303797,18
NEULASTA,DEVICE MALFUNCTION,1262,47.0613,48.5341,1841041535.8571,0.01664025356576862,0.0,6
